日期,收入金额
2020-01-01,402
2020-01-02,385
2020-01-03,37
2020-01-04,632
2020-01-05,607
2020-01-06,401
2020-01-07,304
2020-01-08,409
2020-01-09,471
2020-01-10,542
2020-01-11,322
2020-01-12,114
2020-01-13,301
2020-01-14,739
2020-01-15,793
2020-01-16,517
2020-01-17,78
2020-01-18,351
2020-01-19,904
2020-01-20,340
2020-01-21,269
2020-01-22,148
2020-01-23,575
2020-01-24,291
2020-01-25,400
2020-01-26,49
2020-01-27,284
2020-01-28,260
2020-01-29,346
2020-01-30,771
2020-01-31,44
2020-02-01,267
2020-02-02,223
2020-02-03,154
2020-02-04,163
2020-02-05,921
2020-02-06,18
2020-02-07,457
2020-02-08,77
2020-02-09,915
2020-02-10,39
2020-02-11,29
2020-02-12,770
2020-02-13,355
2020-02-14,296
2020-02-15,857
2020-02-16,726
2020-02-17,352
2020-02-18,929
2020-02-19,647
2020-02-20,621
2020-02-21,930
2020-02-22,690
2020-02-23,844
2020-02-24,606
2020-02-25,860
2020-02-26,833
2020-02-27,664
2020-02-28,532
2020-02-29,535
2020-03-01,797
2020-03-02,999
2020-03-03,789
2020-03-04,172
2020-03-05,679
2020-03-06,919
2020-03-07,50
2020-03-08,989
2020-03-09,292
2020-03-10,250
2020-03-11,793
2020-03-12,861
2020-03-13,792
2020-03-14,672
2020-03-15,769
2020-03-16,949
2020-03-17,501
2020-03-18,779
2020-03-19,809
2020-03-20,515
2020-03-21,603
2020-03-22,764
2020-03-23,840
2020-03-24,707
2020-03-25,687
2020-03-26,161
2020-03-27,149
2020-03-28,681
2020-03-29,153
2020-03-30,410
2020-03-31,19
2020-04-01,388
2020-04-02,454
2020-04-03,664
2020-04-04,415
2020-04-05,174
2020-04-06,378
2020-04-07,425
2020-04-08,746
2020-04-09,150
2020-04-10,837
2020-04-11,34
2020-04-12,283
2020-04-13,614
2020-04-14,283
2020-04-15,241
2020-04-16,333
2020-04-17,577
2020-04-18,559
2020-04-19,994
2020-04-20,340
2020-04-21,965
2020-04-22,698
2020-04-23,842
2020-04-24,770
2020-04-25,18
2020-04-26,184
2020-04-27,407
2020-04-28,696
2020-04-29,733
2020-04-30,651
2020-05-01,414
2020-05-02,784
2020-05-03,109
2020-05-04,175
2020-05-05,838
2020-05-06,191
2020-05-07,58
2020-05-08,157
2020-05-09,182
2020-05-10,92
2020-05-11,503
2020-05-12,433
2020-05-13,486
2020-05-14,497
2020-05-15,896
2020-05-16,444
2020-05-17,984
2020-05-18,10
2020-05-19,612
2020-05-20,541
2020-05-21,171
2020-05-22,257
2020-05-23,593
2020-05-24,791
2020-05-25,34
2020-05-26,939
2020-05-27,48
2020-05-28,431
2020-05-29,783
2020-05-30,150
2020-05-31,237
2020-06-01,581
2020-06-02,988
2020-06-03,590
2020-06-04,36
2020-06-05,564
2020-06-06,1
2020-06-07,598
2020-06-08,996
2020-06-09,315
2020-06-10,987
2020-06-11,598
2020-06-12,478
2020-06-13,272
2020-06-14,350
2020-06-15,72
2020-06-16,419
2020-06-17,579
2020-06-18,302
2020-06-19,777
2020-06-20,551
2020-06-21,634
2020-06-22,818
2020-06-23,948
2020-06-24,366
2020-06-25,926
2020-06-26,105
2020-06-27,507
2020-06-28,333
2020-06-29,888
2020-06-30,261
2020-07-01,505
2020-07-02,480
2020-07-03,809
2020-07-04,849
2020-07-05,473
2020-07-06,361
2020-07-07,628
2020-07-08,847
2020-07-09,838
2020-07-10,754
2020-07-11,356
2020-07-12,266
2020-07-13,555
2020-07-14,168
2020-07-15,418
2020-07-16,464
2020-07-17,379
2020-07-18,719
2020-07-19,97
2020-07-20,24
2020-07-21,662
2020-07-22,527
2020-07-23,709
2020-07-24,244
2020-07-25,114
2020-07-26,735
2020-07-27,250
2020-07-28,366
2020-07-29,537
2020-07-30,804
2020-07-31,112
2020-08-01,67
2020-08-02,98
2020-08-03,356
2020-08-04,871
2020-08-05,895
2020-08-06,911
2020-08-07,56
2020-08-08,977
2020-08-09,778
2020-08-10,326
2020-08-11,715
2020-08-12,416
2020-08-13,39
2020-08-14,334
2020-08-15,587
2020-08-16,302
2020-08-17,644
2020-08-18,631
2020-08-19,796
2020-08-20,793
2020-08-21,310
2020-08-22,267
2020-08-23,196
2020-08-24,574
2020-08-25,985
2020-08-26,490
2020-08-27,615
2020-08-28,160
2020-08-29,7
2020-08-30,52
2020-08-31,936
2020-09-01,325
2020-09-02,679
2020-09-03,722
2020-09-04,139
2020-09-05,227
2020-09-06,816
2020-09-07,245
2020-09-08,941
2020-09-09,837
2020-09-10,73
2020-09-11,69
2020-09-12,811
2020-09-13,447
2020-09-14,708
2020-09-15,32
2020-09-16,869
2020-09-17,573
2020-09-18,569
2020-09-19,109
2020-09-20,916
2020-09-21,125
2020-09-22,755
2020-09-23,455
2020-09-24,72
2020-09-25,584
2020-09-26,494
2020-09-27,376
2020-09-28,883
2020-09-29,538
2020-09-30,305
2020-10-01,578
2020-10-02,467
2020-10-03,246
2020-10-04,335
2020-10-05,891
2020-10-06,242
2020-10-07,187
2020-10-08,450
2020-10-09,369
2020-10-10,835
2020-10-11,25
2020-10-12,197
2020-10-13,682
2020-10-14,298
2020-10-15,806
2020-10-16,563
2020-10-17,274
2020-10-18,985
2020-10-19,128
2020-10-20,911
2020-10-21,319
2020-10-22,351
2020-10-23,642
2020-10-24,712
2020-10-25,83
2020-10-26,762
2020-10-27,938
2020-10-28,325
2020-10-29,629
2020-10-30,962
2020-10-31,943
2020-11-01,505
2020-11-02,834
2020-11-03,442
2020-11-04,414
2020-11-05,533
2020-11-06,820
2020-11-07,858
2020-11-08,564
2020-11-09,156
2020-11-10,854
2020-11-11,42
2020-11-12,957
2020-11-13,335
2020-11-14,452
2020-11-15,839
2020-11-16,496
2020-11-17,356
2020-11-18,815
2020-11-19,869
2020-11-20,762
2020-11-21,118
2020-11-22,257
2020-11-23,224
2020-11-24,636
2020-11-25,765
2020-11-26,496
2020-11-27,598
2020-11-28,856
2020-11-29,455
2020-11-30,473
2020-12-01,571
2020-12-02,343
2020-12-03,738
2020-12-04,652
2020-12-05,876
2020-12-06,497
2020-12-07,775
2020-12-08,551
2020-12-09,100
2020-12-10,534
2020-12-11,445
2020-12-12,718
2020-12-13,450
2020-12-14,487
2020-12-15,359
2020-12-16,309
2020-12-17,902
2020-12-18,560
2020-12-19,915
2020-12-20,401
2020-12-21,497
2020-12-22,440
2020-12-23,355
2020-12-24,449
2020-12-25,226
2020-12-26,946
2020-12-27,761
2020-12-28,434
2020-12-29,839
2020-12-30,785
2020-12-31,180
